date,timestamp,channel,message_id,message_text,is_signal,asset,direction,signal_time
2026-02-03,2026-02-03 10:46:03,Trade x po,7714,,No,,,
2026-02-03,2026-02-03 13:01:42,Trade x po,7715,,No,,,
2026-02-03,2026-02-03 13:02:55,Trade x po,7716,**ğŸŒŸ** **AEDCNY - OTC**  **â³**** Expiry: 1 Minutes** **ğŸ”œ**** Entry:** 13:03  ğŸŸ© **Direction: **BUY ğŸ“ˆ  **ğŸ“‰**** Martingale Strategy:** **â¡ï¸**** If LOSS USE 1st Martingale**  **ğŸ“Œ**** **[Start Trading Now](https://u3.shortink.io/register?utm_campaign=794102&utm_source=affiliate&utm_medium=sr&a=jqvJOsTeOF3Jg9&ac=tradex_po&code=WELCOME50),Yes,AEDCNY_otc,call,13:03
2026-02-03,2026-02-03 13:04:49,Trade x po,7717,**ğŸŒŸ**** RESULT UPDATE **  **ğŸ¯**** Result: ****âœ…**** WIN (+92%)**  **ğŸ”¥**** Profit Secured - Next Signal Loading**,No,,,
2026-02-03,2026-02-03 13:05:00,Trade x po,7718,**ğŸŒŸ** **AEDCNY - OTC**  **â³**** Expiry: 1 Minutes** **ğŸ”œ**** Entry:** 13:05  ğŸŸ© **Direction: **BUY ğŸ“ˆ  **ğŸ“‰**** Martingale Strategy:** **â¡ï¸**** If LOSS USE 1st Martingale**  **ğŸ“Œ**** **[Start Trading Now](https://u3.shortink.io/register?utm_campaign=794102&utm_source=affiliate&utm_medium=sr&a=jqvJOsTeOF3Jg9&ac=tradex_po&code=WELCOME50),Yes,AEDCNY_otc,call,13:05
2026-02-03,2026-02-03 13:08:03,Trade x po,7719,**ğŸŒŸ**** RESULT UPDATE **  **ğŸ¯**** Result: ****âœ…**** WIN (+92%)**  **ğŸ”¥**** Profit Secured - Next Signal Loading**,No,,,
2026-02-03,2026-02-03 13:08:24,Trade x po,7720,**ğŸŒŸ** **AEDCNY - OTC**  **â³**** Expiry: 1 Minutes** **ğŸ”œ**** Entry:** 13:08  ğŸŸ© **Direction: **BUY ğŸ“ˆ  **ğŸ“‰**** Martingale Strategy:** **â¡ï¸**** If LOSS USE 1st Martingale**  **ğŸ“Œ**** **[Start Trading Now](https://u3.shortink.io/register?utm_campaign=794102&utm_source=affiliate&utm_medium=sr&a=jqvJOsTeOF3Jg9&ac=tradex_po&code=WELCOME50),Yes,AEDCNY_otc,call,13:08
2026-02-03,2026-02-03 13:08:43,Trade x po,7721,**ğŸŒŸ** **AEDCNY - OTC**  **â³**** Expiry: 1 Minutes** **ğŸ”œ**** Entry:** 13:09  ğŸŸ© **Direction: **BUY ğŸ“ˆ  **ğŸ“‰**** Martingale Strategy:** **â¡ï¸**** If LOSS USE 1st Martingale**  **ğŸ“Œ**** **[Start Trading Now](https://u3.shortink.io/register?utm_campaign=794102&utm_source=affiliate&utm_medium=sr&a=jqvJOsTeOF3Jg9&ac=tradex_po&code=WELCOME50),Yes,AEDCNY_otc,call,13:09
2026-02-03,2026-02-03 13:11:29,Trade x po,7722,**ğŸŒŸ**** RESULT UPDATE **  **ğŸ¯**** Result: ****âœ…**** WIN (+92%)**  **ğŸ”¥**** Profit Secured - Next Signal Loading**,No,,,
2026-02-03,2026-02-03 13:11:54,Trade x po,7723,**ğŸŒŸ** **AEDCNY - OTC**  **â³**** Expiry: 1 Minutes** **ğŸ”œ**** Entry:** 13:12  ğŸŸ¥ **Direction: **SELL ğŸ“ˆ  **ğŸ“‰**** Martingale Strategy:** **â¡ï¸**** If LOSS USE 1st Martingale**  **ğŸ“Œ**** **[Start Trading Now](https://u3.shortink.io/register?utm_campaign=794102&utm_source=affiliate&utm_medium=sr&a=jqvJOsTeOF3Jg9&ac=tradex_po&code=WELCOME50),Yes,AEDCNY_otc,put,13:12
2026-02-03,2026-02-03 13:13:44,Trade x po,7724,**ğŸŒŸ**** RESULT UPDATE **  **ğŸ¯**** Result: ****âœ…**** WIN (+92%)**  **ğŸ”¥**** Profit Secured - Next Signal Loading**,No,,,
2026-02-03,2026-02-03 13:13:48,Trade x po,7725,,No,,,
2026-02-03,2026-02-03 13:16:17,Trade x po,7726,"**ğŸ§¾REPORT ğŸŒ™ LATE MORNINGÂ  SESSION ğŸ—“ TUESDAY, FEBRUARY 3th, 2026 #ï¸âƒ£ **#SESSIONREPORT**     ****13:03Â  AED/CNY - OTC â€¢ ğŸŸ© BUY  13:05Â  AED/CNY - OTC â€¢ ğŸŸ© BUY  13:09Â  AED/CNY - OTC â€¢ ğŸŸ© BUY  13:12Â  AED/CNY - OTC â€¢ ğŸŸ¥ SELL ** **ï»¿ ï»¿ â‡ï¸ Accuracy: 100% âœ… Wins 4âƒ£Â âŒ Losses **0âƒ£",No,,,
2026-02-03,2026-02-03 13:50:22,Trade x po,7727,,No,,,
2026-02-03,2026-02-03 14:00:35,Trade x po,7728,,No,,,
2026-02-03,2026-02-03 15:27:00,Trade x po,7729,,No,,,
2026-02-03,2026-02-03 15:29:02,Trade x po,7730,**ğŸŒŸ** **AEDCNY - OTC**  **â³**** Expiry: 1 Minutes** **ğŸ”œ**** Entry:** 15:29  ğŸŸ¥ **Direction: **SELL ğŸ“ˆ  **ğŸ“‰**** Martingale Strategy:** **â¡ï¸**** If LOSS USE 1st Martingale**  **ğŸ“Œ**** **[Start Trading Now](https://u3.shortink.io/register?utm_campaign=794102&utm_source=affiliate&utm_medium=sr&a=jqvJOsTeOF3Jg9&ac=tradex_po&code=WELCOME50),Yes,AEDCNY_otc,put,15:29
2026-02-03,2026-02-03 15:31:43,Trade x po,7731,**ğŸŒŸ**** RESULT UPDATE **  **ğŸ¯**** Result: ****âŒ**** LOSS (Martingale Next )**  **ğŸ˜€**** Stick to Risk Management - Stay Ready ****ğŸ“Š**,No,,,
2026-02-03,2026-02-03 15:31:54,Trade x po,7732,**ğŸŒŸ** **AEDCNY - OTC**  **â³**** Expiry: 1 Minutes** **ğŸ”œ**** Entry:** 15:32  ğŸŸ© **Direction: **BUY ğŸ“ˆ  **ğŸ“‰**** Martingale Strategy:** **â¡ï¸**** If LOSS USE 1st Martingale**  **ğŸ“Œ**** **[Start Trading Now](https://u3.shortink.io/register?utm_campaign=794102&utm_source=affiliate&utm_medium=sr&a=jqvJOsTeOF3Jg9&ac=tradex_po&code=WELCOME50),Yes,AEDCNY_otc,call,15:32
2026-02-03,2026-02-03 15:33:30,Trade x po,7733,**ğŸŒŸ**** RESULT UPDATE **  **ğŸ¯**** Result: ****âœ…**** WIN (+92%)**  **ğŸ”¥**** Profit Secured - Next Signal Loading**,No,,,
2026-02-03,2026-02-03 15:33:47,Trade x po,7734,**ğŸŒŸ** **AEDCNY - OTC**  **â³**** Expiry: 1 Minutes** **ğŸ”œ**** Entry:** 15:34  ğŸŸ¥ **Direction: **SELL ğŸ“ˆ  **ğŸ“‰**** Martingale Strategy:** **â¡ï¸**** If LOSS USE 1st Martingale**  **ğŸ“Œ**** **[Start Trading Now](https://u3.shortink.io/register?utm_campaign=794102&utm_source=affiliate&utm_medium=sr&a=jqvJOsTeOF3Jg9&ac=tradex_po&code=WELCOME50),Yes,AEDCNY_otc,put,15:34
2026-02-03,2026-02-03 15:36:21,Trade x po,7735,**ğŸŒŸ**** RESULT UPDATE **  **ğŸ¯**** Result: ****âœ…**** WIN (+92%)**  **ğŸ”¥**** Profit Secured - Next Signal Loading**,No,,,
2026-02-03,2026-02-03 15:36:52,Trade x po,7736,**ğŸŒŸ** **AEDCNY - OTC**  **â³**** Expiry: 1 Minutes** **ğŸ”œ**** Entry:** 15:37  ğŸŸ© **Direction: **BUY ğŸ“ˆ  **ğŸ“‰**** Martingale Strategy:** **â¡ï¸**** If LOSS USE 1st Martingale**  **ğŸ“Œ**** **[Start Trading Now](https://u3.shortink.io/register?utm_campaign=794102&utm_source=affiliate&utm_medium=sr&a=jqvJOsTeOF3Jg9&ac=tradex_po&code=WELCOME50),Yes,AEDCNY_otc,call,15:37
2026-02-03,2026-02-03 15:37:05,Trade x po,7737,**ğŸŒŸ** **AEDCNY - OTC**  **â³**** Expiry: 1 Minutes** **ğŸ”œ**** Entry:** 15:37  ğŸŸ© **Direction: **BUY ğŸ“ˆ  **ğŸ“‰**** Martingale Strategy:** **â¡ï¸**** If LOSS USE 1st Martingale**  **ğŸ“Œ**** **[Start Trading Now](https://u3.shortink.io/register?utm_campaign=794102&utm_source=affiliate&utm_medium=sr&a=jqvJOsTeOF3Jg9&ac=tradex_po&code=WELCOME50),Yes,AEDCNY_otc,call,15:37
2026-02-03,2026-02-03 15:38:39,Trade x po,7738,**ğŸŒŸ**** RESULT UPDATE **  **ğŸ¯**** Result: ****âœ…**** WIN (+92%)**  **ğŸ”¥**** Profit Secured - Next Signal Loading**,No,,,
2026-02-03,2026-02-03 15:38:45,Trade x po,7739,,No,,,
2026-02-03,2026-02-03 15:40:35,Trade x po,7740,"**ğŸ§¾REPORT ğŸŒ™ AFTERNOONÂ  SESSION ğŸ—“ TUESDAY, FEBRUARY 3th, 2026 #ï¸âƒ£ **#SESSIONREPORT**     ****15:29Â  AED/CNY - OTC â€¢ ğŸŸ¥ SELL  15:32Â  AED/CNY - OTC â€¢ ğŸŸ© BUY  15:34Â  AED/CNY - OTC â€¢ ğŸŸ© BUY  15:37Â  AED/CNY - OTC â€¢ ğŸŸ© BUY** **ï»¿ ï»¿ â‡ï¸ Accuracy: 75% âœ… Wins 3âƒ£Â âŒ Losses **1âƒ£",No,,,
2026-02-03,2026-02-03 15:50:44,Trade x po,7730,**ğŸŒŸ** **AEDCNY - OTC**  **â³**** Expiry: 1 Minutes** **ğŸ”œ**** Entry:** 15:29  ğŸŸ¥ **Direction: **SELL ğŸ“ˆ  **ğŸ“‰**** Martingale Strategy:** **â¡ï¸**** If LOSS USE 1st Martingale**  **ğŸ“Œ**** **[Start Trading Now](https://u3.shortink.io/register?utm_campaign=794102&utm_source=affiliate&utm_medium=sr&a=jqvJOsTeOF3Jg9&ac=tradex_po&code=WELCOME50),Yes,AEDCNY_otc,put,15:29
2026-02-03,2026-02-03 15:50:44,Trade x po,7731,**ğŸŒŸ**** RESULT UPDATE **  **ğŸ¯**** Result: ****âŒ**** LOSS (Martingale Next )**  **ğŸ˜€**** Stick to Risk Management - Stay Ready ****ğŸ“Š**,No,,,
2026-02-03,2026-02-03 15:50:44,Trade x po,7732,**ğŸŒŸ** **AEDCNY - OTC**  **â³**** Expiry: 1 Minutes** **ğŸ”œ**** Entry:** 15:32  ğŸŸ© **Direction: **BUY ğŸ“ˆ  **ğŸ“‰**** Martingale Strategy:** **â¡ï¸**** If LOSS USE 1st Martingale**  **ğŸ“Œ**** **[Start Trading Now](https://u3.shortink.io/register?utm_campaign=794102&utm_source=affiliate&utm_medium=sr&a=jqvJOsTeOF3Jg9&ac=tradex_po&code=WELCOME50),Yes,AEDCNY_otc,call,15:32
2026-02-03,2026-02-03 15:50:44,Trade x po,7733,**ğŸŒŸ**** RESULT UPDATE **  **ğŸ¯**** Result: ****âœ…**** WIN (+92%)**  **ğŸ”¥**** Profit Secured - Next Signal Loading**,No,,,
2026-02-03,2026-02-03 15:50:44,Trade x po,7734,**ğŸŒŸ** **AEDCNY - OTC**  **â³**** Expiry: 1 Minutes** **ğŸ”œ**** Entry:** 15:34  ğŸŸ¥ **Direction: **SELL ğŸ“ˆ  **ğŸ“‰**** Martingale Strategy:** **â¡ï¸**** If LOSS USE 1st Martingale**  **ğŸ“Œ**** **[Start Trading Now](https://u3.shortink.io/register?utm_campaign=794102&utm_source=affiliate&utm_medium=sr&a=jqvJOsTeOF3Jg9&ac=tradex_po&code=WELCOME50),Yes,AEDCNY_otc,put,15:34
2026-02-03,2026-02-03 15:50:44,Trade x po,7735,**ğŸŒŸ**** RESULT UPDATE **  **ğŸ¯**** Result: ****âœ…**** WIN (+92%)**  **ğŸ”¥**** Profit Secured - Next Signal Loading**,No,,,
2026-02-03,2026-02-03 15:50:44,Trade x po,7737,**ğŸŒŸ** **AEDCNY - OTC**  **â³**** Expiry: 1 Minutes** **ğŸ”œ**** Entry:** 15:37  ğŸŸ© **Direction: **BUY ğŸ“ˆ  **ğŸ“‰**** Martingale Strategy:** **â¡ï¸**** If LOSS USE 1st Martingale**  **ğŸ“Œ**** **[Start Trading Now](https://u3.shortink.io/register?utm_campaign=794102&utm_source=affiliate&utm_medium=sr&a=jqvJOsTeOF3Jg9&ac=tradex_po&code=WELCOME50),Yes,AEDCNY_otc,call,15:37
2026-02-03,2026-02-03 15:50:44,Trade x po,7738,**ğŸŒŸ**** RESULT UPDATE **  **ğŸ¯**** Result: ****âœ…**** WIN (+92%)**  **ğŸ”¥**** Profit Secured - Next Signal Loading**,No,,,
2026-02-03,2026-02-03 15:50:44,Trade x po,7740,"**ğŸ§¾REPORT ğŸŒ™ AFTERNOONÂ  SESSION ğŸ—“ TUESDAY, FEBRUARY 3th, 2026 #ï¸âƒ£ **#SESSIONREPORT**     ****15:29Â  AED/CNY - OTC â€¢ ğŸŸ¥ SELL  15:32Â  AED/CNY - OTC â€¢ ğŸŸ© BUY  15:34Â  AED/CNY - OTC â€¢ ğŸŸ© BUY  15:37Â  AED/CNY - OTC â€¢ ğŸŸ© BUY** **ï»¿ ï»¿ â‡ï¸ Accuracy: 75% âœ… Wins 3âƒ£Â âŒ Losses **1âƒ£",No,,,
2026-02-03,2026-02-03 18:00:28,Trade x po,7741,,No,,,
2026-02-03,2026-02-03 18:01:42,Trade x po,7742,**ğŸŒŸ** **AUDCNY - OTC**  **â³**** Expiry: 1 Minutes** **ğŸ”œ**** Entry:** 18:02  ğŸŸ© **Direction: **BUY ğŸ“ˆ  **ğŸ“‰**** Martingale Strategy:** **â¡ï¸**** If LOSS USE 1st Martingale**  **ğŸ“Œ**** **[Start Trading Now](https://u3.shortink.io/register?utm_campaign=794102&utm_source=affiliate&utm_medium=sr&a=jqvJOsTeOF3Jg9&ac=tradex_po&code=WELCOME50),Yes,AUDCNY_otc,call,18:02
2026-02-03,2026-02-03 18:01:59,Trade x po,7743,**ğŸŒŸ** **AUDCNY - OTC**  **â³**** Expiry: 1 Minutes** **ğŸ”œ**** Entry:** 18:02  ğŸŸ¥ **Direction: **SELL ğŸ“ˆ  **ğŸ“‰**** Martingale Strategy:** **â¡ï¸**** If LOSS USE 1st Martingale**  **ğŸ“Œ**** **[Start Trading Now](https://u3.shortink.io/register?utm_campaign=794102&utm_source=affiliate&utm_medium=sr&a=jqvJOsTeOF3Jg9&ac=tradex_po&code=WELCOME50),Yes,AUDCNY_otc,put,18:02
2026-02-03,2026-02-03 18:03:25,Trade x po,7744,**ğŸŒŸ**** RESULT UPDATE **  **ğŸ¯**** Result: ****âœ…**** WIN (+92%)**  **ğŸ”¥**** Profit Secured - Next Signal Loading**,No,,,
2026-02-03,2026-02-03 18:03:40,Trade x po,7745,**ğŸŒŸ** **AUDCNY - OTC**  **â³**** Expiry: 1 Minutes** **ğŸ”œ**** Entry:** 18:04  ğŸŸ¥ **Direction: **SELL ğŸ“ˆ  **ğŸ“‰**** Martingale Strategy:** **â¡ï¸**** If LOSS USE 1st Martingale**  **ğŸ“Œ**** **[Start Trading Now](https://u3.shortink.io/register?utm_campaign=794102&utm_source=affiliate&utm_medium=sr&a=jqvJOsTeOF3Jg9&ac=tradex_po&code=WELCOME50),Yes,AUDCNY_otc,put,18:04
2026-02-03,2026-02-03 18:06:23,Trade x po,7746,**ğŸŒŸ**** RESULT UPDATE **  **ğŸ¯**** Result: ****âœ…**** WIN (+92%)**  **ğŸ”¥**** Profit Secured - Next Signal Loading**,No,,,
2026-02-03,2026-02-03 18:06:38,Trade x po,7747,**ğŸŒŸ** **AUDCNY - OTC**  **â³**** Expiry: 1 Minutes** **ğŸ”œ**** Entry:** 18:07  ğŸŸ¥ **Direction: **SELL ğŸ“ˆ  **ğŸ“‰**** Martingale Strategy:** **â¡ï¸**** If LOSS USE 1st Martingale**  **ğŸ“Œ**** **[Start Trading Now](https://u3.shortink.io/register?utm_campaign=794102&utm_source=affiliate&utm_medium=sr&a=jqvJOsTeOF3Jg9&ac=tradex_po&code=WELCOME50),Yes,AUDCNY_otc,put,18:07
2026-02-03,2026-02-03 18:07:05,Trade x po,7748,Wait,No,,,
2026-02-03,2026-02-03 18:07:12,Trade x po,7749,Currency pair wrong,No,,,
2026-02-03,2026-02-03 18:08:53,Trade x po,7750,**ğŸŒŸ** **AUDCHF - OTC**  **â³**** Expiry: 1 Minutes** **ğŸ”œ**** Entry:** 18:09  ğŸŸ© **Direction: **BUY ğŸ“ˆ  **ğŸ“‰**** Martingale Strategy:** **â¡ï¸**** If LOSS USE 1st Martingale**  **ğŸ“Œ**** **[Start Trading Now](https://u3.shortink.io/register?utm_campaign=794102&utm_source=affiliate&utm_medium=sr&a=jqvJOsTeOF3Jg9&ac=tradex_po&code=WELCOME50),Yes,AUDCHF_otc,call,18:09
2026-02-03,2026-02-03 18:10:19,Trade x po,7751,**ğŸŒŸ**** RESULT UPDATE **  **ğŸ¯**** Result: ****âœ…**** WIN (+92%)**  **ğŸ”¥**** Profit Secured - Next Signal Loading**,No,,,
2026-02-03,2026-02-03 18:10:34,Trade x po,7752,**ğŸŒŸ** **AUDCHF - OTC**  **â³**** Expiry: 1 Minutes** **ğŸ”œ**** Entry:** 18:11  ğŸŸ© **Direction: **BUY ğŸ“ˆ  **ğŸ“‰**** Martingale Strategy:** **â¡ï¸**** If LOSS USE 1st Martingale**  **ğŸ“Œ**** **[Start Trading Now](https://u3.shortink.io/register?utm_campaign=794102&utm_source=affiliate&utm_medium=sr&a=jqvJOsTeOF3Jg9&ac=tradex_po&code=WELCOME50),Yes,AUDCHF_otc,call,18:11
2026-02-03,2026-02-03 18:13:09,Trade x po,7753,**ğŸŒŸ**** RESULT UPDATE **  **ğŸ¯**** Result: ****âœ…**** WIN (+92%)**  **ğŸ”¥**** Profit Secured - Next Signal Loading**,No,,,
2026-02-03,2026-02-03 18:15:28,Trade x po,7754,**ğŸŒŸ** **AUDCHF - OTC**  **â³**** Expiry: 1 Minutes** **ğŸ”œ**** Entry:** 18:16  ğŸŸ© **Direction: **BUY ğŸ“ˆ  **ğŸ“‰**** Martingale Strategy:** **â¡ï¸**** If LOSS USE 1st Martingale**  **ğŸ“Œ**** **[Start Trading Now](https://u3.shortink.io/register?utm_campaign=794102&utm_source=affiliate&utm_medium=sr&a=jqvJOsTeOF3Jg9&ac=tradex_po&code=WELCOME50),Yes,AUDCHF_otc,call,18:16
2026-02-03,2026-02-03 18:18:20,Trade x po,7755,**ğŸŒŸ**** RESULT UPDATE **  **ğŸ¯**** Result: ****âœ…**** WIN (+92%)**  **ğŸ”¥**** Profit Secured - Next Signal Loading**,No,,,
2026-02-03,2026-02-03 18:18:26,Trade x po,7756,**ğŸŒŸ** **AUDCHF - OTC**  **â³**** Expiry: 1 Minutes** **ğŸ”œ**** Entry:** 18:19  ğŸŸ© **Direction: **BUY ğŸ“ˆ  **ğŸ“‰**** Martingale Strategy:** **â¡ï¸**** If LOSS USE 1st Martingale**  **ğŸ“Œ**** **[Start Trading Now](https://u3.shortink.io/register?utm_campaign=794102&utm_source=affiliate&utm_medium=sr&a=jqvJOsTeOF3Jg9&ac=tradex_po&code=WELCOME50),Yes,AUDCHF_otc,call,18:19
2026-02-03,2026-02-03 18:21:23,Trade x po,7757,**ğŸŒŸ**** RESULT UPDATE **  **ğŸ¯**** Result: ****âœ…**** WIN (+92%)**  **ğŸ”¥**** Profit Secured - Next Signal Loading**,No,,,
2026-02-03,2026-02-03 18:21:38,Trade x po,7758,,No,,,
2026-02-03,2026-02-03 18:23:34,Trade x po,7759,"**ğŸ§¾REPORT ğŸŒ™ NIGHTÂ  SESSION ğŸ—“ TUESDAY, FEBRUARY 3th, 2026 #ï¸âƒ£ **#SESSIONREPORT**     ****18:09Â  AED/CNY - OTC â€¢ ğŸŸ© BUY  18:11Â  AED/CNY - OTC â€¢ ğŸŸ© BUY  18:16Â  AED/CNY - OTC â€¢ ğŸŸ© BUY  18:19Â  AED/CNY - OTC â€¢ ğŸŸ© BUY** **ï»¿ ï»¿ â‡ï¸ Accuracy: 100% âœ… Wins 4âƒ£Â âŒ Losses **0âƒ£",No,,,
